prompt,response
"What is Prism AI?","Prism AI is an all-in-one AI SaaS platform offering article writing, blog title, image generation, background removal, and resume analysis tools"
"what features it offers?","Features includes article writing, blog title, image generation, background removal, resume analysis tools and more."
"How do I sign up for Prism AI?","You can sign up using your Google account or email via our secure Clerk authentication system."
"What is the price of Prism AI Premium?","Prism AI Premium costs $16 per month and provides unlimited access to all advanced features."
"Which features are free in Prism AI?","Free users can access the Article Writer, Blog Title Generator, and the Document Converter."
"What tools are locked behind the Premium plan?","Premium features include AI Image Generation, Background Removal, Object Removal, and the Resume Reviewer."
"How many tools and features does Prism AI offer?","Prism AI offers 7+ core tools including Article Writer, Blog Title Generator, Image Generator, Background Remover, Object Remover, Resume Reviewer, and Document Converter."
"What is the technology stack of Prism AI?","Prism AI is built using the PERN stack: PostgreSQL (Neon), Express.js, React, and Node.js."
"How does the Article Writer work?","It uses advanced AI models to generate high-quality, SEO-optimized articles based on your specific topic and length requirements."
"Can I generate blog titles for free?","Yes, the Blog Title Generator is one of the three tools available in our free tier."
"How do I remove the background from an image?","Upload your photo to the Background Remover tool; our AI processes it via Cloudinary to provide a clean cutout."
"What does the Object Remover do?","The Object Remover allows you to highlight unwanted items in a photo and uses AI to erase them and fill the background."
"Is my resume data safe?","Yes, Prism AI uses Clerk for secure sessions and ensures your uploaded documents are private and encrypted."
"How does the Resume Reviewer help?","It analyzes your resume structure, keywords, and layout to give you actionable feedback for job applications."
"What is the Dashboard?","The Dashboard is your personal hub where you can track your creation history, credit usage, and subscription status."
"Where can I see images created by other users?","You can explore the Community Section to see public images generated by the Prism AI community."
"Can I make my generated images public?","Yes, when generating an image, check the 'Make Public' box to share it in the community gallery."
"What payment system does Prism AI use?","We use Clerk Billing to manage secure payments and monthly $16 subscriptions."
"How do I check my remaining free credits?","Your remaining credits are displayed on your Dashboard; they are tracked via Clerk's private metadata."
"What happens when I run out of credits?","Once your free credits are exhausted, you will need to upgrade to the $16/month Premium plan to continue using the tools."
"Can I cancel my subscription?","Yes, you can manage and cancel your Premium subscription anytime through the Billing tab in your settings."
"Is Prism AI mobile friendly?","Yes, the application is fully responsive and works perfectly on smartphones and tablets."
"How do I download my generated articles?","You can copy the text directly from the result area or use the download button provided in the tool."
"Does the Document Converter support PDF?","Yes, the Document Converter allows you to process and convert PDF files into editable formats."
"Where is my data stored?","We use Neon PostgreSQL, a serverless database, to store your prompts, activity logs, and content history safely."
"Who is the Prism AI chatbot assistant?","I am your personal AI assistant, designed to help you navigate Prism AI and answer questions about our features."
"Can I change the style of generated images?","Yes, you can select different styles like 3D, Realistic, or Artistic in the Image Generator tool."
"How long does it take to generate an article?","Most articles are generated within 16 to 30 seconds depending on the length requested."
"What image formats are supported for removal tools?","We support standard web formats including PNG, JPG, and JPEG."
"How do I see my total number of creations?","The total count of everything you have created is featured at the top of your user Dashboard."
"Is there a limit on premium usage?","Premium users enjoy significantly higher limits and priority processing for all AI features."
"Can the AI write code?","While focused on articles and titles, you can use the Article Writer to generate technical content and code snippets."
"How do I update my profile information?","You can manage your name, email, and password through the Clerk profile portal integrated into Prism AI."
"What should I do if the image generator fails?","Ensure your prompt is descriptive and check if you have remaining credits or an active premium plan."
"How does the navigation work?","The sidebar allows you to switch between tools, while the navbar handles your profile and dashboard access."
"Can I use Prism AI for commercial use?","Yes, users on the Premium plan have full rights to use generated content for commercial purposes."
"How do I reach support?","You can ask questions here in the chatbot or visit our contact page for more detailed technical help."
"Does Prism AI save my image prompts?","Yes, your prompts are saved in the PostgreSQL database so you can revisit them in your Dashboard."
"What is the '3D Style' option?","It is a specific setting in our Image Generator that produces depth-heavy, Pixar-like 3D visuals."
"How do I delete my history?","You can manage and delete your past creations directly from the activity log in your Dashboard."
"Does the background remover work on logos?","Yes, it is excellent for creating transparent PNG logos for websites and presentations."
"How do I get better blog titles?","Provide 2-3 keywords related to your niche, and the AI will generate the most clickable title options."
"Can I use the resume reviewer for CVs?","Yes, it supports both standard Resumes and academic CVs."
"How does the credit system update?","After every successful generation, the backend updates your metadata in Clerk to reflect your new balance."
"Is there a community for Prism AI?","Yes! The Community Section is a public space where users share their best AI-generated artwork."
"How do I share my work on social media?","You can download your images or articles and share them directly to your favorite social platforms."
"Does Prism AI use Cloudinary?","Yes, we use Cloudinary's powerful API for image hosting and AI-based image transformations."
"What is the 'Outlet' in your code?","The 'Outlet' is a React Router component that renders the specific AI tool page you have selected."
"Can I upgrade from free to premium at any time?","Absolutely! You can upgrade instantly via the billing section for just $16/month."
"How do I know if I am a Premium user?","Your Dashboard will display a 'Premium' badge and you will have access to all locked tools like Object Removal."
"How do I use the Document Converter?","Upload your file, select the output format, and click 'Convert' to process your document."
"Can I suggest new features?","Yes! We love user feedback. Feel free to suggest new AI tools via our support channels."
"Does the AI support multiple languages?","Currently, Prism AI is optimized for English, but it can process and generate content in many other languages."
"What makes Prism AI unique?","Prism AI combines text, image, and document AI tools in a single $16 subscription, saving you money on multiple apps."
"How do I copy my generated image URL?","Once generated, you can right-click the image to copy the link or use the 'Copy Link' button in the gallery."
"How does the 'Like' system work?","You can like images in the Community Section, and the total 'Likes' are updated in our PostgreSQL database."
"Is the backend secure?","Yes, our Node/Express backend uses environment variables and secure API calls to protect all data."
"How do I log out?","Click on your profile icon in the navbar and select the 'Sign Out' option provided by Clerk."
"Can I use the Article Writer for school?","Prism AI is a great brainstorming tool, but we recommend reviewing and editing all AI content for academic integrity."
"Why is my dashboard empty?","If you haven't created anything yet, your dashboard will be empty. Try using the Article or Image tools!"
"How do I use the Object Remover?","Upload an image, use the brush tool to highlight the object you want to remove, and click 'Process'."
"Does Prism AI have an API for developers?","Currently, Prism AI is a consumer SaaS, but we may release a public API in the future."
"Where is Prism AI hosted?","The entire application, including the frontend and backend, is hosted on Vercel for maximum speed."
"Can I generate high-resolution images?","Yes, our Premium Image Generator produces high-quality, high-resolution images suitable for web use."
"How does the Blog Title Generator stay trendy?","Our AI is trained on high-performing headlines to ensure the titles generated are catchy and clickable."
"Is there a limit on background removals?","Premium users have unlimited background removals per month."
"What is Clerk?","Clerk is our authentication and user management provider that keeps your account and billing information secure."
"What is Neon?","Neon is the serverless PostgreSQL database we use to store all your Prism AI data efficiently."
"Can I use the tools on my phone?","Yes, all Prism AI features are optimized for mobile web browsers."
"How do I get a refund for my subscription?","Please contact our support team to discuss refund eligibility as per our terms of service."
"How do I see my billing history?","You can view all your past $16 payments within the 'Billing' section of your account settings."
"Can I generate more than 3 articles for free?","The free plan is limited by credits. Once they are gone, you must upgrade to Premium to write more."
"What is the benefit of the 'Public' image setting?","It allows you to get 'Likes' and feedback from the Prism AI community."
"Can I use the resume reviewer for multiple resumes?","Yes, Premium users can upload and analyze as many resumes as they need."
"How does Prism AI handle file uploads?","We use Multer to handle the file stream and upload it securely to Cloudinary."
"Does the AI understand industry-specific jargon?","Yes, the Resume Reviewer and Article Writer are trained on a wide range of industry data."
"How can I tell if a feature is Premium?","Premium features are marked with a 'Pro' or 'Lock' icon for free users."
"Why is my text area empty after conversion?","Ensure you don't refresh the page manually. The AI takes a few seconds to populate the text area."
"How do I reset my password?","You can reset your password through the 'Forgot Password' link on the Clerk sign-in page."
"Can I use Prism AI for my business?","Yes, Prism AI is perfect for small businesses looking to automate content and image creation."
"What is the response time for the chatbot?","I respond instantly to help you with any Prism AI queries!"
"Can I generate images without a prompt?","No, the AI needs a text description to know what you want to create."
"Does Prism AI support dark mode?","Yes, the Prism AI interface is designed to be easy on the eyes with a modern professional theme."
"What is the 'Article Length' option?","It allows you to tell the AI whether you want a short summary or a long-form detailed article."
"How do I know if my subscription is active?","Your Dashboard will show your status as 'Active' or 'Premium' next to your user details."
"Can I upload PDF files to the resume reviewer?","Yes, the Resume Reviewer supports PDF and standard document formats."
"How do I use the sidebar?","Click any icon in the sidebar to instantly switch between different AI tools like 'Write Article' or 'Image Generator'."
"What happens to my data if I delete my account?","Upon account deletion via Clerk, your personal data and history are removed from our database."
"Does Prism AI use GPT-4?","We use a variety of high-performance LLMs to ensure the best results for each specific tool."
"Can I generate social media captions?","Yes! Use the Article Writer or Blog Title tool to create engaging captions for Instagram, LinkedIn, or X."
"What is the resolution of generated images?","Images are typically generated at 1624x1624 resolution for high clarity."
"How do I report a bug?","You can report any technical issues to our support team via the contact form."
"Can I change the email on my account?","Yes, you can update your email settings through the Profile section managed by Clerk."
"How do I get a better resume score?","Follow the specific feedback provided by the Resume Reviewer, such as adding more quantifiable achievements."
"Why did my article stop mid-way?","This can happen due to network issues. Try generating again; your credits are only deducted for successful runs."
"Is Prism AI available in my country?","Prism AI is available globally wherever you have internet access and can use Clerk/Stripe for payments."
"Can I use Prism AI for SEO research?","The Blog Title Generator is a great tool for finding high-ranking keywords for your niche."
"How do I see the prompts used for community images?","Click on any image in the Community Section to view the prompt and style used to create it."
"Can I turn off the chatbot?","The chatbot is always available in the corner to help you, but you can minimize it at any time."
"How do I use the Document Converter?","Upload your document, click convert, and wait for the AI to process and display your new file."
"Is there a community leaderboard?","We show the most 'Liked' images in the Community Section so you can see what's trending."
"Does Prism AI have a browser extension?","Not yet! Prism AI is currently a web-based application."
"How do I save an article?","You can copy the text and save it to your computer or view it later in your Dashboard history."
"Can I use the background remover for product photos?","Yes, it is perfect for e-commerce sellers who need clean product images for their shops."
"How does the Object Remover decide what to fill?","The AI looks at the surrounding pixels and 'imagines' what should be there, creating a seamless look."
"Does Prism AI offer student discounts?","Our $16/month plan is already our most affordable 'everything-included' price for everyone."
"Can I use the tools without an account?","No, you must create a free account to track your credits and save your work."
"What is the backend base URL?","The backend is hosted on Vercel and communicates with the frontend via secure API endpoints."
"How do I refresh my credit count?","The credit count refreshes automatically when you visit the Dashboard or upgrade to Premium."
"Why are some images in the community section blurred?","This might be due to a slow connection; wait a few seconds for the high-resolution image to load."
"How do I get help with a billing error?","Contact our support team with your Clerk transaction ID for fast assistance."
"Can I generate images in portrait mode?","The current Image Generator defaults to square (1:1), which is best for social media and community viewing."
"How do I add more detail to an article?","Use the 'Detailed' setting and provide a specific outline in your prompt."
"Does the Resume Reviewer check for grammar?","Yes, it checks for spelling, grammar, and professional tone."
"How do I see my recent activity?","Your 5 most recent creations are listed directly on your Dashboard for quick access."
"What is the technology behind the Object Remover?","It uses Generative Inpainting technology to fill the space left by removed objects."
"Can I change my UI to Light Mode?","Prism AI currently features a sleek 'Always Dark' or 'Professional' theme for better focus."
"How do I use the Blog Title Generator?","Simply enter your blog topic and hit 'Generate' to see a list of creative titles."
"Is the Document Converter fast?","Yes, most conversions happen in under 16 seconds."
"How do I know if an image is public?","Public images will appear in the Community Section for all users to see."
"What is the PERN stack?","It stands for PostgreSQL, Express, React, and Node.js â€“ the powerful tools used to build Prism AI."
"How do I use the Article Writer?","Enter your topic, choose a length, and click 'Generate Article' to begin."
"Can I use the AI to write a book?","Yes, you can use the Article Writer to generate chapters and the Blog Title tool for chapter titles!"
"How do I see my user ID?","Your unique User ID is managed by Clerk and can be found in your Profile settings if needed for support."
"What happens if I forget to save my work?","Don't worry! All your creations are automatically saved to your Dashboard."
"Can I share my account with others?","Accounts are intended for single-user use to maintain the integrity of the credit and billing system."
"How do I download a resume report?","Once the AI analyzes your resume, you can copy the feedback or save the page as a PDF."
"Is Prism AI updated regularly?","Yes, we frequently add new AI models and tools to the platform."
"How do I use the Image Generator?","Provide a detailed prompt, pick a style like '3D', and click 'Generate'."
"Can I remove text from an image?","Yes, the Object Remover tool can be used to highlight and remove text from photos."
"What is the maximum file size for uploads?","We recommend keeping image and document uploads under 5MB for the best performance."
"How do I see my subscription end date?","This information is available in the 'Billing' section of your account profile."
"Can I use Prism AI on a public computer?","Yes, but always remember to 'Sign Out' from the navbar when you are finished."
"Does the AI article writer use keywords?","Yes, it integrates the keywords you provide into the article for better SEO."
"How do I get the best results from the Object Remover?","Use a small brush to carefully highlight only the object you want to disappear."
"What is the community gallery?","It is a collection of images shared by Prism AI users to inspire others."
"Can I generate poems with the Article Writer?","Yes, simply ask for a poem in the prompt box and the AI will create one."
"How do I find my past images?","Go to your Dashboard and look under the 'Images' or 'Activity' section."
"Is the background remover accurate?","It is highly accurate for photos with a clear subject and a contrasting background."
"How do I see how many people liked my image?","The 'Like' count is displayed on your image card in the Community Section."
"Can I use the Document Converter for images?","Yes, you can convert certain image formats into PDFs using this tool."
"How do I upgrade to the $16 plan?","Click on 'Upgrade' in the sidebar or navbar to be taken to the secure payment page."
"What is the benefit of using Clerk?","Clerk provides top-tier security for your logins and makes managing your subscription easy."
"Can I generate titles for my YouTube videos?","Yes, the Blog Title Generator works great for creating viral YouTube headlines."
"How do I contact the developer?","You can send a message through the support form or via the personal chatbot."
"Does Prism AI have a roadmap?","Yes, we are planning to add Video Generation and Voice AI tools in the future!"
"How do I use the Resume Reviewer?","Upload your resume file and click 'Analyze' to get your professional feedback."
"Can I use the AI to summarize long texts?","Yes, you can paste long text into the Article Writer and ask it to provide a summary."
"How do I know if my image is being processed?","The 'Generate' button will show a loading spinner until the image is ready."
"Can I use the tools in my local language?","The AI can understand prompts in many languages, though the interface is in English."
"How do I increase my resume score?","Review the suggestions in the Resume Reviewer and update your file with the missing keywords."
"Is the Article Writer good for newsletters?","Yes, it is perfect for generating weekly newsletters for your subscribers."
"How do I see my total credit usage?","Your total creations and usage statistics are available on your main Dashboard."
"Can I remove a person from a photo?","Yes, the Object Remover tool can remove people from the background of your images."
"How do I use the Community Section?","Browse the images, click on them to see details, and 'Like' the ones you enjoy."
"What format should my prompt be in?","Simple, descriptive sentences work best for both text and image generation."
"Can I save my favorite community images?","You can 'Like' them to show support, and we are working on a 'Save to Favorites' feature."
"How do I use the Blog Title Generator?","Enter your keywords and click 'Generate' to see a list of high-quality titles."
"Is the data in the community section public?","Only the images that users choose to make public are visible to everyone."
"How do I know if my document converted successfully?","A download link or a success message will appear once the conversion is complete."
"Can I use Prism AI for homework help?","Prism AI is a great research tool, but always make sure to do your own original work!"
"How do I access the Dashboard?","Click on the 'Dashboard' link in the sidebar or navbar after you log in."
"What is the best prompt for the Image Generator?","Be specific: mention the subject, the setting, the lighting, and the style."
"How do I see my premium status?","Look for the 'Premium' label on your Dashboard or Profile page."
"Can I use the tools on a tablet?","Yes, Prism AI works great on iPads and other tablets."
"How do I change the length of an article?","Select your preferred length (Short, Medium, Long) before clicking 'Generate'."
"Does the AI write in a professional tone?","Yes, the Article Writer and Resume Reviewer both default to a professional tone."
"How do I see my likes?","The total likes your public images have received are tracked in your community profile."
"Can I use the AI to write marketing copy?","Yes, Prism AI is excellent for creating ads, product descriptions, and sales emails."
"How do I get started with the Free Plan?","Just create an account and you will immediately have credits to try the free tools."
"Is Prism AI available on the App Store?","No, it is currently a web-based SaaS application."
"How do I use the Object Remover for small details?","Zoom in on your browser and use a small brush size for precise removal."
"Can I use the AI to write scripts?","Yes, you can use the Article Writer to generate scripts for videos or podcasts."
"How do I check my internet connection for Prism AI?","If the tools are taking too long, check your connection or try refreshing the page."
"Does Prism AI store my credit card info?","No, all billing is handled securely through Clerk and Stripe; we never see your card details."
"How do I get a list of blog titles?","The Blog Title Generator provides several options every time you run it."
"Can I use the AI to rewrite my existing articles?","Yes, paste your article into the prompt and ask the AI to 'Rewrite' or 'Improve' it."
"How do I find the most popular images?","The Community Section displays images that have been shared by our users."
"Is Prism AI good for non-tech users?","Yes, the interface is designed to be very simple and easy to navigate for everyone."
"How do I use the Document Converter for Word files?","Upload your Word file and select the format you want to convert it to."
"Can I generate images of celebrities?","Our AI has safety filters to prevent the generation of unauthorized images of public figures."
"How do I see my subscription history?","Visit the 'Billing' page in your settings to see all your past invoices."
"Does the AI learn from my prompts?","The AI models improve over time, but your individual prompts are kept private to your account."
"How do I get a job-ready resume?","Use the Resume Reviewer to identify gaps and then update your resume based on its advice."
"Can I use the Article Writer for technical blogs?","Yes, it is very capable of writing about programming, science, and technology."
"How do I see the 'Likes' on my images?","Visit the Community Section and look for your images to see the current 'Like' count."
"Is Prism AI the best AI SaaS?","We strive to be the most affordable and feature-rich AI toolkit for our users!"
"How do I use the sidebar on mobile?","Tap the menu icon (three lines) to expand the sidebar and see all the tools."
"Can I use the AI to generate ideas?","Yes, the Blog Title and Article tools are great for overcoming writer's block."
"How do I sign out of all devices?","You can manage your active sessions through the Clerk security settings in your profile."
"Is there a limit to how many blog titles I can generate?","Free users are limited by credits; Premium users have high limits."
"How do I use the AI Image Generator for free?","You can use your initial free credits to try the Image Generator before upgrading."
"Can I use the background remover for professional headshots?","Yes, it is a great way to create a clean, professional look for your LinkedIn profile."
"How do I get the most out of Prism AI?","Upgrade to Premium for $16 to unlock all tools and use them without limits!"
"Who do I contact for partnership inquiries?","Please reach out via our official contact email listed on the website."
"How do I use the Personal Chatbot?","Just type your question in the chat box at the bottom of the screen!"
"What is the next feature coming to Prism AI?","We are working on adding AI-powered video editing tools very soon!"
"How do I see my account details?","Click on your profile icon to see your name, email, and subscription level."
"Can I use the AI to write social media posts?","Yes, Prism AI is perfect for creating content for all your social platforms."
"How do I use the 'Generate' button?","Simply fill out the required fields for any tool and click the button to start the AI."
"Is Prism AI secure for my business data?","Yes, we use industry-standard encryption and secure databases to protect your data."
"How do I get the best article results?","Be as specific as possible in your prompt about what you want the article to cover."